group,success_rate_pct_mean,success_rate_pct_var,mean_navigation_time_s_mean,mean_navigation_time_s_var,average_translational_speed_mps_mean,average_translational_speed_mps_var,minimum_clearance_m_mean,minimum_clearance_m_var,velocity_sign_flip_count_mean,velocity_sign_flip_count_var
Baseline,78.0,1751.0204081632653,12.317108222384576,4.575359109702401,1.045450273961473,0.010319835745085104,-0.3364444915635035,0.04039441516735044,9.58,66.49346938775511
RiskOnly,68.0,2220.408163265306,12.427753599764708,6.671084436024174,1.0449707341541425,0.01270851553004777,-0.3483884298907421,0.04490993715621687,10.36,131.78612244897957
Full,78.0,1751.0204081632653,12.372350251948728,16.531088181437216,1.0611678689189132,0.020852653773742135,-0.2407207492567733,0.34978142558858305,11.26,170.44122448979593
