group,success_rate_pct_mean,success_rate_pct_var,mean_navigation_time_s_mean,mean_navigation_time_s_var,average_translational_speed_mps_mean,average_translational_speed_mps_var,minimum_clearance_m_mean,minimum_clearance_m_var,collision_count_mean,collision_count_var,velocity_sign_flip_count_mean,velocity_sign_flip_count_var,tracker_latency_ms_mean,tracker_latency_ms_var,algorithm_latency_ms_mean,algorithm_latency_ms_var,algorithm_latency_source
Baseline,60.0,2448.9795918367345,19.589829436932632,22.481394634344117,0.6556344381913704,0.016723996750287105,-0.556568998141608,0.019855933966605746,0.98,0.06081632653061224,9.28,116.53224489795919,4.71676,0.1532739820408164,,,
RiskOnly,88.0,1077.5510204081634,26.473131914453088,46.39087373383339,0.49844735178404526,0.020362028054487388,-0.3920108835228311,0.02823968668112705,0.42,0.3302040816326531,39.42,480.37102040816325,4.5268,0.02903710204081634,0.0010551031659388065,3.514946283310112e-08,tcpa_dcpa_critic
Full,100.0,0.0,20.1864694391191,28.031497079537193,0.6577264284064479,0.04900162040832577,-0.4260598104211619,0.019145372949425973,0.88,0.5567346938775511,30.16,328.4636734693877,4.4998000000000005,0.017001387755102047,0.0010509339713874783,2.79845355157138e-08,tcpa_dcpa_critic
TEB,100.0,0.0,5.818880837219186,0.5514453435748541,1.4764303136487666,0.020909003620670004,-0.21539230887181182,0.06153750714630013,0.84,0.13714285714285715,0.48,1.234285714285714,4.28742,0.021919064897959164,35.22527819523809,35.767985255811425,teb_local_planner
