group,success_rate_pct_mean,success_rate_pct_var,mean_navigation_time_s_mean,mean_navigation_time_s_var,average_translational_speed_mps_mean,average_translational_speed_mps_var,minimum_clearance_m_mean,minimum_clearance_m_var,collision_count_mean,collision_count_var,velocity_sign_flip_count_mean,velocity_sign_flip_count_var,tracker_latency_ms_mean,tracker_latency_ms_var,algorithm_latency_ms_mean,algorithm_latency_ms_var,algorithm_latency_source
Baseline,100.0,0.0,13.305328784665713,3.0494926534645845,1.0641168991823673,0.0007116983965508802,-0.5677271408346352,0.0022823324060475825,2.3333333333333335,0.33333333333333337,13.333333333333334,40.333333333333336,,,,,
RiskOnly,100.0,0.0,11.36617938966568,0.039314940410152044,1.1370747216438593,0.004320572099715052,-0.37480947281879734,0.03803269768188784,2.3333333333333335,1.3333333333333333,5.666666666666667,1.3333333333333335,,,0.00035864462136082887,3.481661869126946e-09,tcpa_dcpa_critic
Full,100.0,0.0,5.109111707664852,0.080221779315481,1.6145798240204845,0.007550989633398546,-0.16214242628798906,0.00848283577868356,1.0,1.0,1.3333333333333333,1.3333333333333335,,,0.0003470044921731386,7.30706397001621e-10,tcpa_dcpa_critic
TEB,100.0,0.0,7.258947215666315,6.645573639257962,1.3963601360073838,0.07776599924280986,-0.045172913331204344,0.0011002868183691797,0.0,0.0,4.333333333333333,4.333333333333333,,,57.256121666666665,1408.0141549524083,teb_local_planner
