group,success_rate_pct_mean,success_rate_pct_var,mean_navigation_time_s_mean,mean_navigation_time_s_var,average_translational_speed_mps_mean,average_translational_speed_mps_var,minimum_clearance_m_mean,minimum_clearance_m_var,velocity_sign_flip_count_mean,velocity_sign_flip_count_var
Baseline,86.0,1228.5714285714287,12.501429147395346,14.694626996470983,1.0768377586978204,0.01952702812046763,-0.3328467767510276,0.038122865551696354,9.32,148.30367346938775
RiskOnly,92.0,751.0204081632653,11.781078842760904,8.080220705214154,1.0827861970382395,0.012835489699779185,-0.26538197004187064,0.033791831111548876,8.3,129.07142857142858
Full,82.0,1506.1224489795918,13.10297038097551,14.998032234452129,1.0623232007953254,0.011535303455205065,-0.36677892365394116,0.040499582384445065,12.0,225.0612244897959
