group,success_rate_pct_mean,success_rate_pct_var,mean_navigation_time_s_mean,mean_navigation_time_s_var,average_translational_speed_mps_mean,average_translational_speed_mps_var,minimum_clearance_m_mean,minimum_clearance_m_var,velocity_sign_flip_count_mean,velocity_sign_flip_count_var
Baseline,68.0,2220.408163265306,12.46318152079381,8.814678188030786,1.0528099556025714,0.014646048792095814,-0.3992748927604333,0.0380448289632034,13.66,359.98408163265316
RiskOnly,78.0,1751.0204081632653,11.592647830743376,7.2016958196863525,1.1019618152804886,0.011927210208614352,-0.36765236352996344,0.04249567428605563,9.3,141.07142857142858
Full,80.0,1632.6530612244899,12.155934636424899,5.586760093774165,1.0852324830596745,0.0114432406707124,-0.29628338844454916,0.34748226180974606,9.0,186.81632653061226
