scenario,group,trial_index,success,outcome,navigation_time_s,average_speed_mps,min_clearance_m,velocity_sign_flip_count,path_length_m
dynamic_test,Baseline,1,1,succeeded,7.472808899001393,1.192014804972764,-0.11045627824822074,6,8.90769884234188
dynamic_test,RiskOnly,1,1,succeeded,13.972561478003627,1.1320775569816102,-0.5403825769235018,1,15.818023262793703
dynamic_test,Full,1,1,succeeded,4.782438934998936,1.7138506838425398,-0.18116149064113346,0,8.196386239183115
