scenario,group,success_rate_pct_mean,success_rate_pct_var,mean_navigation_time_s_mean,mean_navigation_time_s_var,average_translational_speed_mps_mean,average_translational_speed_mps_var,minimum_clearance_m_mean,minimum_clearance_m_var,collision_count_mean,collision_count_var,velocity_sign_flip_count_mean,velocity_sign_flip_count_var,tracker_latency_ms_mean,tracker_latency_ms_var,algorithm_latency_ms_mean,algorithm_latency_ms_var,algorithm_latency_source
narrow_corridor,Full,100.0,0.0,15.750642193800001,10.994522449291711,0.6771113143469283,0.013147988457741622,-0.21691867475692206,0.23000145512027234,0.15,0.13421052631578947,22.4,158.14736842105265,18.737157894736843,1133.8970263625731,0.0007723124534786746,8.508089710544269e-08,tcpa_dcpa_critic
narrow_corridor,TEB,95.0,500.0,8.775994389526288,18.872390453440126,1.0708314978313418,0.06168062606683173,-0.20354699725607198,0.011657780322489143,0.95,0.47105263157894733,1.35,3.7131578947368418,8.501368421052634,168.75646013450293,228.6006043859649,2582.2616707402735,teb_local_planner
random_crowd,Full,100.0,0.0,21.91356281994997,62.73879141464349,0.6309421401850923,0.06588529664075876,-0.4346565223740149,0.031099595408655183,0.8,0.4842105263157894,38.7,589.6947368421052,37.560473684210535,10719.624771152048,0.0010146015404916926,2.0470393873078693e-07,tcpa_dcpa_critic
random_crowd,TEB,100.0,0.0,7.7204502940000115,8.250763949968649,1.188182303056818,0.1102906142153833,-0.4957872873891411,0.0069902870360769795,0.9,0.3052631578947368,1.2,3.5368421052631573,4.956052631578947,0.10173927485380121,60.975026595238106,129.22717031864548,teb_local_planner
